{"intercept_": [-6.917775461815658], "classes_": [1, 2], "coef_": [-0.5532182463779236, -0.19723083179023349, -0.04403386919594292, 0.048160684217717936, 0.19741919673421587, 0.31651475450703864, -0.06653216096015885, 0.036328196743805524, 0.8082266500500852, -0.4405526533509045, -0.32625965079716085, 0.2774766420591475, 0.3363550143401518, 0.573714533131956, 0.8061882072587601, 0.4170391577755859, 0.07209890342152579, 0.2500637771667762, -0.04504905839725777, -0.2872886910181983, -0.12166936736435705, 0.7772240661778508, 0.659312005895095, 0.7914632609759445]}